timestamp,xid,client_ip,assigned_ip,server_ip,gateway_ip,client_mac,magic_cookie,message_type,dhcp_server,router,dns_servers,domain_name,netmask,lease_time,renew_time_1,renew_time_2
1969-12-31 17:00:28,944eb670,NA,10.225.220.91,NA,NA,a0:91:69:df:45:5f,63825363,DHCP ACK,10.224.0.1,10.224.0.1,75.75.75.75 - 75.75.76.76,NA,255.224.0.0,0:05:00,NA,NA
1970-01-01 10:59:25,cdf8d97d,NA,10.226.160.28,NA,NA,a0:91:69:df:45:5f,63825363,DHCP ACK,10.224.0.1,10.224.0.1,75.75.75.75 - 75.75.76.76,NA,255.224.0.0,0:05:00,NA,NA
2015-04-17 12:41:52,778e9031,NA,10.1.20.101,NA,NA,64:89:9a:53:d7:f5,63825363,DHCP ACK,192.0.2.1,10.1.127.254,10.7.179.130 - 10.7.177.130,NA,255.255.128.0,0:01:00,0:00:30,0:00:52
2015-04-18 07:18:01,70c772e8,NA,10.136.152.182,NA,10.137.255.254,64:89:9a:53:d7:f5,63825363,DHCP ACK,10.143.181.129,10.137.255.254,10.143.181.130 - 10.143.189.130,NA,255.254.0.0,0:01:00,0:00:30,0:00:52
2015-05-03 16:34:38,b2cdf2ea,NA,192.168.178.35,192.168.178.1,NA,64:89:9a:53:d7:f5,63825363,DHCP ACK,192.168.178.1,192.168.178.1,192.168.178.1,fritz.box,255.255.255.0,"10 days, 0:00:00","5 days, 0:00:00","8 days, 18:00:00"
2015-05-04 13:59:20,af90a6fe,NA,10.136.137.82,NA,10.137.255.254,64:89:9a:53:d7:f5,63825363,DHCP ACK,10.143.181.129,10.137.255.254,10.143.181.130 - 10.143.189.130,NA,255.254.0.0,0:01:00,0:00:30,0:00:52
2015-05-04 14:01:27,b7090190,NA,10.212.112.86,NA,NA,64:89:9a:53:d7:f5,63825363,DHCP ACK,10.212.112.126,10.212.112.126,10.120.136.116,t-mobile.de,255.255.255.192,0:30:00,0:15:00,0:26:15
2015-05-05 05:17:46,2d42fc8f,NA,10.136.159.130,NA,10.137.255.254,64:89:9a:53:d7:f5,63825363,DHCP ACK,10.143.181.129,10.137.255.254,10.143.181.130 - 10.143.189.130,NA,255.254.0.0,0:01:00,0:00:30,0:00:52
2015-05-05 05:26:02,af64ca88,NA,10.229.203.164,NA,NA,64:89:9a:53:d7:f5,63825363,DHCP ACK,10.229.203.190,10.229.203.190,10.120.136.116,tmobile.de,255.255.255.224,0:30:00,NA,NA
2015-05-05 05:28:35,839c7d8d,NA,10.228.60.18,NA,NA,64:89:9a:53:d7:f5,63825363,DHCP ACK,10.228.60.30,10.228.60.30,10.120.136.116,t-mobile.de,255.255.255.224,0:30:00,0:15:00,0:26:15
2015-05-05 05:34:06,c5c511b7,NA,10.136.159.130,NA,10.137.255.254,64:89:9a:53:d7:f5,63825363,DHCP ACK,10.143.181.129,10.137.255.254,10.143.181.130 - 10.143.189.130,NA,255.254.0.0,0:01:00,0:00:30,0:00:52
2015-05-05 05:35:15,fa3cdcdc,NA,10.228.54.76,NA,NA,64:89:9a:53:d7:f5,63825363,DHCP ACK,10.228.54.94,10.228.54.94,10.120.136.116,t-mobile.de,255.255.255.224,0:30:00,0:15:00,0:26:15
2015-05-05 05:39:04,f62d688b,NA,10.228.54.76,NA,NA,64:89:9a:53:d7:f5,63825363,DHCP ACK,10.228.54.94,10.228.54.94,10.120.136.116,t-mobile.de,255.255.255.224,0:30:00,0:15:00,0:26:15
2015-05-05 16:04:45,c79d52ec,NA,10.226.135.38,NA,NA,64:89:9a:53:d7:f5,63825363,DHCP ACK,10.226.135.62,10.226.135.62,10.120.136.116,tmobile.de,255.255.255.224,0:30:00,NA,NA
2015-05-06 14:27:41,354f2de6,NA,10.136.80.109,NA,10.137.255.254,64:89:9a:53:d7:f5,63825363,DHCP ACK,10.143.181.129,10.137.255.254,10.143.181.130 - 10.143.189.130,NA,255.254.0.0,0:01:00,0:00:30,0:00:52
2015-05-07 03:39:28,60be4fb5,NA,10.229.203.237,NA,NA,64:89:9a:53:d7:f5,63825363,DHCP ACK,10.229.203.254,10.229.203.254,10.120.136.116,tmobile.de,255.255.255.224,0:30:00,NA,NA
2015-05-09 07:27:58,c8fe9e0c,NA,10.158.120.120,NA,10.158.121.254,64:89:9a:53:d7:f5,63825363,DHCP ACK,10.156.33.132,10.158.121.254,10.156.33.53 - 129.187.5.1,eduroam.mwn.de,255.255.254.0,1:00:00,NA,NA
2015-05-09 07:28:46,2442ed1b,NA,10.158.120.120,NA,10.158.121.254,64:89:9a:53:d7:f5,63825363,DHCP ACK,10.156.33.133,10.158.121.254,10.156.33.53 - 129.187.5.1,eduroam.mwn.de,255.255.254.0,1:00:00,NA,NA
2015-05-12 06:01:20,15e3c7cd,NA,10.228.9.79,NA,NA,64:89:9a:53:d7:f5,63825363,DHCP ACK,10.228.9.126,10.228.9.126,10.120.136.116,tmobile.de,255.255.255.192,0:30:00,NA,NA
2015-05-13 10:55:37,ab073de0,NA,192.168.178.42,192.168.178.1,NA,64:89:9a:53:d7:f5,63825363,DHCP ACK,192.168.178.1,192.168.178.1,192.168.178.1,fritz.box,255.255.255.0,"10 days, 0:00:00","5 days, 0:00:00","8 days, 18:00:00"
2015-05-13 11:19:25,d955ef6c,NA,10.136.124.195,NA,10.137.255.254,64:89:9a:53:d7:f5,63825363,DHCP ACK,10.143.181.129,10.137.255.254,10.143.181.130 - 10.143.189.130,NA,255.254.0.0,0:01:00,0:00:30,0:00:52
2015-05-13 11:24:42,ccf3e722,NA,10.136.124.195,NA,10.137.255.254,64:89:9a:53:d7:f5,63825363,DHCP ACK,10.143.181.129,10.137.255.254,10.143.181.130 - 10.143.189.130,NA,255.254.0.0,0:01:00,0:00:30,0:00:52
2015-05-14 13:39:59,62e1446a,NA,192.168.2.103,192.168.2.1,NA,64:89:9a:53:d7:f5,63825363,DHCP ACK,192.168.2.1,192.168.2.1,192.168.2.1,Speedport_W_500,255.255.255.0,"4 days, 0:00:00",NA,NA
2015-05-17 07:02:02,18abb940,NA,192.168.178.82,192.168.178.1,NA,64:89:9a:53:d7:f5,63825363,DHCP ACK,192.168.178.1,192.168.178.1,192.168.178.1,fritz.box,255.255.255.0,"10 days, 0:00:00","5 days, 0:00:00","8 days, 18:00:00"
2015-05-17 15:46:38,63efcddf,NA,192.168.178.23,192.168.178.1,NA,64:89:9a:53:d7:f5,63825363,DHCP ACK,192.168.178.1,192.168.178.1,192.168.178.1,fritz.box,255.255.255.0,"10 days, 0:00:00","5 days, 0:00:00","8 days, 18:00:00"
2015-09-16 08:28:23,b6124cb4,NA,10.111.20.170,NA,10.111.1.1,a0:39:f7:1f:e2:8d,63825363,DHCP ACK,10.1.3.149,10.111.1.1,10.1.3.170 - 10.1.3.171,swic.campus,255.255.0.0,8:00:00,4:00:00,7:00:00
2015-09-16 10:08:09,b11ae402,NA,10.111.20.170,NA,10.111.1.1,a0:39:f7:1f:e2:8d,63825363,DHCP ACK,10.1.3.149,10.111.1.1,10.1.3.170 - 10.1.3.171,swic.campus,255.255.0.0,8:00:00,4:00:00,7:00:00
2015-09-16 10:08:52,f634dcf1,NA,10.111.20.170,NA,10.111.1.1,a0:39:f7:1f:e2:8d,63825363,DHCP ACK,10.1.3.149,10.111.1.1,10.1.3.170 - 10.1.3.171,swic.campus,255.255.0.0,8:00:00,4:00:00,7:00:00
2015-09-16 10:47:23,a57ec5e1,NA,10.111.20.170,NA,10.111.1.1,a0:39:f7:1f:e2:8d,63825363,DHCP ACK,10.1.3.149,10.111.1.1,10.1.3.170 - 10.1.3.171,swic.campus,255.255.0.0,8:00:00,4:00:00,7:00:00
2015-09-16 12:34:43,f9dba08c,NA,10.111.20.170,NA,10.111.1.1,a0:39:f7:1f:e2:8d,63825363,DHCP ACK,10.1.3.149,10.111.1.1,10.1.3.170 - 10.1.3.171,swic.campus,255.255.0.0,8:00:00,4:00:00,7:00:00
2015-10-05 08:45:52,ff3e32f2,10.252.65.4,10.252.65.4,NA,NA,a0:39:f7:1f:e2:8d,63825363,DHCP ACK,10.252.65.1,10.252.65.1,10.1.3.170 - 10.1.3.171,NA,255.255.255.128,0:00:10,0:00:05,0:00:09
2015-10-05 08:49:25,68ccf458,NA,10.252.65.4,NA,NA,a0:39:f7:1f:e2:8d,63825363,DHCP ACK,10.252.65.1,10.252.65.1,10.1.3.170 - 10.1.3.171,NA,255.255.255.128,0:00:10,0:00:05,0:00:09
2015-10-05 09:56:25,5abff552,10.252.65.4,10.252.65.4,NA,NA,a0:39:f7:1f:e2:8d,63825363,DHCP ACK,10.252.65.1,10.252.65.1,10.1.3.170 - 10.1.3.171,NA,255.255.255.128,0:00:10,0:00:05,0:00:09
2015-10-05 10:19:58,afabc9b3,NA,10.111.22.253,NA,10.111.1.1,a0:39:f7:1f:e2:8d,63825363,DHCP ACK,10.1.3.149,10.111.1.1,10.1.3.170 - 10.1.3.171,swic.campus,255.255.0.0,8:00:00,4:00:00,7:00:00
2015-10-05 10:52:15,af9c9253,NA,10.111.22.253,NA,10.111.1.1,a0:39:f7:1f:e2:8d,63825363,DHCP ACK,10.1.3.149,10.111.1.1,10.1.3.170 - 10.1.3.171,swic.campus,255.255.0.0,8:00:00,4:00:00,7:00:00
2015-10-05 11:52:12,128fe50c,NA,10.111.22.253,NA,10.111.1.1,a0:39:f7:1f:e2:8d,63825363,DHCP ACK,10.1.3.149,10.111.1.1,10.1.3.170 - 10.1.3.171,swic.campus,255.255.0.0,8:00:00,4:00:00,7:00:00
2015-10-05 11:53:32,713074e0,NA,10.111.22.253,NA,10.111.1.1,a0:39:f7:1f:e2:8d,63825363,DHCP ACK,10.1.3.149,10.111.1.1,10.1.3.170 - 10.1.3.171,swic.campus,255.255.0.0,8:00:00,4:00:00,7:00:00
2015-10-05 11:59:49,d08d4e7e,NA,10.111.22.253,NA,10.111.1.1,a0:39:f7:1f:e2:8d,63825363,DHCP ACK,10.1.3.149,10.111.1.1,10.1.3.170 - 10.1.3.171,swic.campus,255.255.0.0,8:00:00,4:00:00,7:00:00
2015-10-07 07:57:46,866d80ae,NA,10.252.134.5,NA,NA,a0:39:f7:1f:e2:8d,63825363,DHCP ACK,10.252.134.1,10.252.134.1,10.1.3.170 - 10.1.3.171,NA,255.255.255.128,0:00:10,0:00:05,0:00:09
2015-10-07 07:59:46,76575db3,NA,10.252.40.171,NA,NA,a0:39:f7:1f:e2:8d,63825363,DHCP ACK,10.252.40.129,10.252.40.129,10.1.3.170 - 10.1.3.171,NA,255.255.255.128,0:00:10,0:00:05,0:00:09
2015-12-16 10:22:04,45fe4664,NA,10.111.20.66,NA,10.111.1.1,a0:39:f7:1f:e2:8d,63825363,DHCP ACK,10.1.3.149,10.111.1.1,10.1.3.170 - 10.1.3.171,swic.campus,255.255.0.0,8:00:00,4:00:00,7:00:00
2015-12-16 11:19:04,c6838c70,NA,10.111.20.66,NA,10.111.1.1,a0:39:f7:1f:e2:8d,63825363,DHCP ACK,10.1.3.149,10.111.1.1,10.1.3.170 - 10.1.3.171,swic.campus,255.255.0.0,8:00:00,4:00:00,7:00:00
2015-12-16 11:38:04,8b3dd239,NA,10.111.20.66,NA,10.111.1.1,a0:39:f7:1f:e2:8d,63825363,DHCP ACK,10.1.3.149,10.111.1.1,10.1.3.170 - 10.1.3.171,swic.campus,255.255.0.0,8:00:00,4:00:00,7:00:00
2015-12-16 11:38:44,8781a0d6,NA,10.111.20.66,NA,10.111.1.1,a0:39:f7:1f:e2:8d,63825363,DHCP ACK,10.1.3.149,10.111.1.1,10.1.3.170 - 10.1.3.171,swic.campus,255.255.0.0,8:00:00,4:00:00,7:00:00
2015-12-16 11:40:16,5bb72b7d,NA,10.111.20.66,NA,10.111.1.1,a0:39:f7:1f:e2:8d,63825363,DHCP ACK,10.1.3.149,10.111.1.1,10.1.3.170 - 10.1.3.171,swic.campus,255.255.0.0,8:00:00,4:00:00,7:00:00
2015-12-16 11:43:30,82979f07,NA,10.111.20.66,NA,10.111.1.1,a0:39:f7:1f:e2:8d,63825363,DHCP ACK,10.1.3.149,10.111.1.1,10.1.3.170 - 10.1.3.171,swic.campus,255.255.0.0,8:00:00,4:00:00,7:00:00
2015-12-16 11:45:14,3fdd4cb3,NA,10.111.20.66,NA,10.111.1.1,a0:39:f7:1f:e2:8d,63825363,DHCP ACK,10.1.3.149,10.111.1.1,10.1.3.170 - 10.1.3.171,swic.campus,255.255.0.0,8:00:00,4:00:00,7:00:00
2015-12-16 11:55:58,4e79de12,NA,10.111.20.66,NA,10.111.1.1,a0:39:f7:1f:e2:8d,63825363,DHCP ACK,10.1.3.149,10.111.1.1,10.1.3.170 - 10.1.3.171,swic.campus,255.255.0.0,8:00:00,4:00:00,7:00:00
2015-12-16 11:56:30,8f8a351d,NA,10.111.20.66,NA,10.111.1.1,a0:39:f7:1f:e2:8d,63825363,DHCP ACK,10.1.3.149,10.111.1.1,10.1.3.170 - 10.1.3.171,swic.campus,255.255.0.0,8:00:00,4:00:00,7:00:00
2015-12-16 11:57:22,edbc79b5,NA,10.111.20.66,NA,10.111.1.1,a0:39:f7:1f:e2:8d,63825363,DHCP ACK,10.1.3.149,10.111.1.1,10.1.3.170 - 10.1.3.171,swic.campus,255.255.0.0,8:00:00,4:00:00,7:00:00
2015-12-16 11:58:46,83e732c1,NA,10.111.20.66,NA,10.111.1.1,a0:39:f7:1f:e2:8d,63825363,DHCP ACK,10.1.3.149,10.111.1.1,10.1.3.170 - 10.1.3.171,swic.campus,255.255.0.0,8:00:00,4:00:00,7:00:00
2015-12-16 12:01:24,2df5a9d9,NA,10.111.20.66,NA,10.111.1.1,a0:39:f7:1f:e2:8d,63825363,DHCP ACK,10.1.3.149,10.111.1.1,10.1.3.170 - 10.1.3.171,swic.campus,255.255.0.0,8:00:00,4:00:00,7:00:00
2015-12-28 18:46:57,0e91dad0,NA,192.168.1.194,NA,NA,a0:39:f7:1f:e2:8d,63825363,DHCP ACK,192.168.1.254,192.168.1.254,192.168.1.254,att.net,255.255.255.0,"1 day, 0:00:00",12:00:00,21:00:00
2016-01-06 22:00:58,7c6d89c6,NA,192.168.33.136,NA,NA,a0:39:f7:1f:e2:8d,63825363,DHCP ACK,192.168.33.1,192.168.33.1,71.10.216.1 - 71.10.216.2 - 192.168.33.1,NA,255.255.255.0,"1 day, 0:00:00",12:00:00,21:00:00
2016-01-07 10:01:23,406a2aaf,NA,10.249.145.158,NA,10.249.144.1,a0:39:f7:9d:39:8c,63825363,DHCP ACK,10.60.250.12,10.249.144.1,192.168.186.20,NA,255.255.248.0,1:20:00,0:40:00,1:10:00
2016-01-07 20:17:34,62355c28,NA,10.229.69.100,NA,NA,64:bc:0c:18:6d:3a,63825363,DHCP ACK,10.224.0.1,10.224.0.1,75.75.75.75 - 75.75.76.76,NA,255.224.0.0,0:05:00,NA,NA
2016-01-07 20:20:18,b3d2647a,10.229.69.100,10.229.69.100,NA,NA,64:bc:0c:18:6d:3a,63825363,DHCP ACK,10.224.0.1,10.224.0.1,75.75.75.75 - 75.75.76.76,NA,255.224.0.0,0:05:00,NA,NA
2016-01-07 20:21:20,d5e70c85,NA,10.229.69.100,NA,NA,64:bc:0c:18:6d:3a,63825363,DHCP ACK,10.224.0.1,10.224.0.1,75.75.75.75 - 75.75.76.76,NA,255.224.0.0,0:05:00,NA,NA
2016-01-07 20:27:31,48bbea37,NA,10.231.235.102,NA,NA,64:bc:0c:18:6d:3a,63825363,DHCP ACK,10.224.0.1,10.224.0.1,75.75.75.75 - 75.75.76.76,NA,255.224.0.0,0:05:00,NA,NA
2016-01-07 20:28:37,6818fb86,NA,10.229.138.208,NA,NA,64:bc:0c:18:6d:3a,63825363,DHCP ACK,10.224.0.1,10.224.0.1,75.75.75.75 - 75.75.76.76,NA,255.224.0.0,0:05:00,NA,NA
2016-01-07 20:34:56,9b2bbd54,NA,10.227.214.143,NA,NA,64:bc:0c:18:6d:3a,63825363,DHCP ACK,10.224.0.1,10.224.0.1,75.75.75.75 - 75.75.76.76,NA,255.224.0.0,0:05:00,NA,NA
2016-01-07 20:35:33,e81d9228,NA,10.227.214.143,NA,NA,64:bc:0c:18:6d:3a,63825363,DHCP ACK,10.224.0.1,10.224.0.1,75.75.75.75 - 75.75.76.76,NA,255.224.0.0,0:05:00,NA,NA
2016-01-09 01:55:53,51994f95,NA,192.168.0.101,NA,NA,64:bc:0c:18:6d:3a,63825363,DHCP ACK,192.168.0.1,192.168.0.1,192.168.0.1 - 192.168.0.1,NA,255.255.255.0,2:00:00,NA,NA
2016-01-11 17:44:07,6f74616c,NA,10.239.252.223,NA,NA,64:bc:0c:18:6d:3a,63825363,DHCP ACK,10.224.0.1,10.224.0.1,75.75.75.75 - 75.75.76.76,NA,255.224.0.0,0:05:00,NA,NA
2016-01-12 09:53:05,bc992045,NA,10.229.135.83,NA,NA,64:bc:0c:18:6d:3a,63825363,DHCP ACK,10.224.0.1,10.224.0.1,75.75.75.75 - 75.75.76.76,NA,255.224.0.0,0:05:00,NA,NA
2016-01-12 09:53:23,db1d71ed,NA,10.229.135.83,NA,NA,64:bc:0c:18:6d:3a,63825363,DHCP ACK,10.224.0.1,10.224.0.1,75.75.75.75 - 75.75.76.76,NA,255.224.0.0,0:05:00,NA,NA
2016-01-12 15:57:35,06559b10,NA,192.168.184.201,NA,NA,64:bc:0c:18:6d:3a,63825363,DHCP ACK,192.168.182.1,192.168.182.1,192.168.182.1,NA,255.255.224.0,12:00:00,6:00:00,10:30:00
2016-01-19 01:58:38,45ab984b,NA,10.91.164.47,NA,NA,64:bc:0c:18:6d:3a,63825363,DHCP ACK,10.128.128.128,10.128.128.128,10.128.128.128,NA,255.0.0.0,"1 day, 0:00:00",12:00:00,16:00:00
2016-01-19 01:58:57,efbfabe1,NA,10.91.164.47,NA,NA,64:bc:0c:18:6d:3a,63825363,DHCP ACK,10.128.128.128,10.128.128.128,10.128.128.128,NA,255.0.0.0,"1 day, 0:00:00",12:00:00,16:00:00
2016-01-19 01:59:55,6e7accbf,NA,10.91.164.47,NA,NA,64:bc:0c:18:6d:3a,63825363,DHCP ACK,10.128.128.128,10.128.128.128,10.128.128.128,NA,255.0.0.0,"1 day, 0:00:00",12:00:00,16:00:00
2016-01-19 02:00:04,2b6bdfd3,NA,10.91.164.47,NA,NA,64:bc:0c:18:6d:3a,63825363,DHCP ACK,10.128.128.128,10.128.128.128,10.128.128.128,NA,255.0.0.0,"1 day, 0:00:00",12:00:00,16:00:00
2016-01-19 02:00:40,2cef9097,NA,10.10.10.7,10.10.10.1,NA,64:bc:0c:18:6d:3a,63825363,DHCP ACK,10.10.10.1,10.10.10.1,8.8.8.8 - 4.2.2.3,NA,255.255.255.0,1:00:00,NA,NA
2016-01-19 02:00:41,50b7ad8b,NA,10.10.10.7,10.10.10.1,NA,64:bc:0c:18:6d:3a,63825363,DHCP ACK,10.10.10.1,10.10.10.1,8.8.8.8 - 4.2.2.3,NA,255.255.255.0,1:00:00,NA,NA
2016-01-19 02:16:50,92905641,NA,192.168.1.105,192.168.1.1,NA,64:bc:0c:18:6d:3a,63825363,DHCP ACK,192.168.1.1,192.168.1.1,192.168.1.1,NA,255.255.255.0,"1 day, 0:00:00",12:00:00,21:00:00
2016-01-19 14:15:17,0ceea45c,NA,10.234.187.169,NA,NA,64:bc:0c:18:6d:3a,63825363,DHCP ACK,10.224.0.1,10.224.0.1,75.75.75.75 - 75.75.76.76,NA,255.224.0.0,0:05:00,NA,NA
2016-01-19 14:15:37,0fb5866f,NA,10.234.187.169,NA,NA,64:bc:0c:18:6d:3a,63825363,DHCP ACK,10.224.0.1,10.224.0.1,75.75.75.75 - 75.75.76.76,NA,255.224.0.0,0:05:00,NA,NA
2016-01-19 14:35:54,264591b2,NA,10.235.16.117,NA,NA,64:bc:0c:18:6d:3a,63825363,DHCP ACK,10.224.0.1,10.224.0.1,75.75.75.75 - 75.75.76.76,NA,255.224.0.0,0:05:00,NA,NA
2016-01-20 12:02:40,2ff148fb,NA,10.3.104.62,NA,10.3.104.1,a0:39:f7:9d:39:8c,63825363,DHCP ACK,10.3.45.10,10.3.104.1,10.1.45.22 - 10.1.45.20 - 10.1.45.21 - 144.35.144.10,slcc.int,255.255.252.0,1:00:00,0:30:00,0:52:30
2016-01-20 14:19:51,8791d5f2,NA,10.228.142.177,NA,NA,64:bc:0c:18:6d:3a,63825363,DHCP ACK,10.224.0.1,10.224.0.1,75.75.75.75 - 75.75.76.76,NA,255.224.0.0,0:05:00,NA,NA
2016-01-20 14:58:39,6e53db8e,NA,10.3.104.62,NA,10.3.104.1,a0:39:f7:9d:39:8c,63825363,DHCP ACK,10.3.45.10,10.3.104.1,10.1.45.22 - 10.1.45.20 - 10.1.45.21 - 144.35.144.10,slcc.int,255.255.252.0,1:00:00,0:30:00,0:52:30
2016-01-20 15:40:01,e4f05827,NA,10.3.104.62,NA,NA,a0:39:f7:9d:39:8c,63825363,DHCP ACK,10.3.45.10,10.3.104.1,10.1.45.22 - 10.1.45.20 - 10.1.45.21 - 144.35.144.10,slcc.int,255.255.252.0,1:00:00,0:30:00,0:52:30
2016-01-20 15:42:55,6147563f,NA,10.3.104.62,NA,10.3.104.1,a0:39:f7:9d:39:8c,63825363,DHCP ACK,10.3.45.10,10.3.104.1,10.1.45.22 - 10.1.45.20 - 10.1.45.21 - 144.35.144.10,slcc.int,255.255.252.0,1:00:00,0:30:00,0:52:30
2016-01-20 15:53:07,afb58de9,NA,10.3.104.62,NA,10.3.104.1,a0:39:f7:9d:39:8c,63825363,DHCP ACK,10.3.45.10,10.3.104.1,10.1.45.22 - 10.1.45.20 - 10.1.45.21 - 144.35.144.10,slcc.int,255.255.252.0,1:00:00,0:30:00,0:52:30
2016-01-21 17:33:37,db977cad,NA,192.168.184.159,NA,NA,64:bc:0c:18:6d:3a,63825363,DHCP ACK,192.168.182.1,192.168.182.1,192.168.182.1,NA,255.255.224.0,12:00:00,6:00:00,10:30:00
2016-01-21 17:33:50,ef237a5e,NA,192.168.184.159,NA,NA,64:bc:0c:18:6d:3a,63825363,DHCP ACK,192.168.182.1,192.168.182.1,192.168.182.1,NA,255.255.224.0,12:00:00,6:00:00,10:30:00
2016-01-21 17:42:18,aa60f3e7,NA,192.168.184.159,NA,NA,64:bc:0c:18:6d:3a,63825363,DHCP ACK,192.168.182.1,192.168.182.1,192.168.182.1,NA,255.255.224.0,12:00:00,6:00:00,10:30:00
2016-01-23 11:39:46,0e9e55ac,192.168.0.14,192.168.0.14,NA,NA,64:bc:0c:18:6d:3a,63825363,DHCP ACK,192.168.0.1,192.168.0.1,192.168.0.1,NA,255.255.255.0,2:00:00,NA,NA
2016-01-24 22:42:51,9b19202e,10.235.163.201,10.235.163.201,NA,NA,64:bc:0c:18:6d:3a,63825363,DHCP ACK,10.224.0.1,10.224.0.1,75.75.75.75 - 75.75.76.76,NA,255.224.0.0,0:05:00,NA,NA
2016-01-24 23:44:55,4ef7b7ab,NA,192.168.169.14,NA,NA,64:bc:0c:18:6d:3a,63825363,DHCP ACK,192.168.169.1,192.168.169.1,192.168.169.1,Belkin,255.255.255.0,"49710 days, 6:28:15",NA,NA
2016-01-25 01:14:08,e2646504,NA,10.235.65.86,NA,NA,64:bc:0c:18:6d:3a,63825363,DHCP ACK,10.224.0.1,10.224.0.1,75.75.75.75 - 75.75.76.76,NA,255.224.0.0,0:05:00,NA,NA
2016-01-25 01:23:57,5a659740,10.240.47.89,10.240.47.89,NA,NA,64:bc:0c:18:6d:3a,63825363,DHCP ACK,10.224.0.1,10.224.0.1,75.75.75.75 - 75.75.76.76,NA,255.224.0.0,0:05:00,NA,NA
2016-01-25 01:26:21,dc81075f,NA,10.240.47.89,NA,NA,64:bc:0c:18:6d:3a,63825363,DHCP ACK,10.224.0.1,10.224.0.1,75.75.75.75 - 75.75.76.76,NA,255.224.0.0,0:05:00,NA,NA
2016-01-25 01:38:18,b8e85b95,NA,192.168.2.7,NA,NA,64:bc:0c:18:6d:3a,63825363,DHCP ACK,192.168.2.1,192.168.2.1,192.168.2.1,Belkin,255.255.255.0,"49710 days, 6:28:15",NA,NA
2016-01-25 14:23:33,c72a1394,NA,10.0.0.6,10.0.0.1,NA,64:bc:0c:18:6d:3a,63825363,DHCP ACK,10.0.0.1,10.0.0.1,75.75.75.75 - 75.75.76.76,hsd1.ca.comcast.net,255.255.255.0,"7 days, 0:00:00","3 days, 12:00:00","6 days, 3:00:00"
2016-01-25 16:25:02,5e8bc6c5,10.237.169.206,10.237.169.206,NA,NA,64:bc:0c:18:6d:3a,63825363,DHCP ACK,10.224.0.1,10.224.0.1,75.75.75.75 - 75.75.76.76,NA,255.224.0.0,0:05:00,NA,NA
2016-01-25 16:27:01,dab6e71e,NA,10.237.169.206,NA,NA,64:bc:0c:18:6d:3a,63825363,DHCP ACK,10.224.0.1,10.224.0.1,75.75.75.75 - 75.75.76.76,NA,255.224.0.0,0:05:00,NA,NA
2016-01-25 16:28:27,3cc40e29,NA,10.237.169.206,NA,NA,64:bc:0c:18:6d:3a,63825363,DHCP ACK,10.224.0.1,10.224.0.1,75.75.75.75 - 75.75.76.76,NA,255.224.0.0,0:05:00,NA,NA
2016-01-25 16:31:03,a15e0f3a,10.237.169.206,10.237.169.206,NA,NA,64:bc:0c:18:6d:3a,63825363,DHCP ACK,10.224.0.1,10.224.0.1,75.75.75.75 - 75.75.76.76,NA,255.224.0.0,0:05:00,NA,NA
2016-01-25 16:31:34,bb90b418,NA,10.237.169.206,NA,NA,64:bc:0c:18:6d:3a,63825363,DHCP ACK,10.224.0.1,10.224.0.1,75.75.75.75 - 75.75.76.76,NA,255.224.0.0,0:05:00,NA,NA
2016-01-25 16:31:50,c740ca78,NA,10.237.169.206,NA,NA,64:bc:0c:18:6d:3a,63825363,DHCP ACK,10.224.0.1,10.224.0.1,75.75.75.75 - 75.75.76.76,NA,255.224.0.0,0:05:00,NA,NA
2016-01-25 21:18:29,bc5b3a0a,NA,192.168.249.91,NA,NA,64:bc:0c:18:6d:3a,63825363,DHCP ACK,192.168.248.1,192.168.248.1,192.168.248.1,NA,255.255.254.0,1:00:00,0:30:00,0:52:30
2016-01-25 21:19:42,3970c05a,NA,10.231.177.34,NA,NA,64:bc:0c:18:6d:3a,63825363,DHCP ACK,10.224.0.1,10.224.0.1,75.75.75.75 - 75.75.76.76,NA,255.224.0.0,0:05:00,NA,NA
2016-02-22 15:35:20,115d130c,NA,10.249.179.133,NA,10.249.176.1,a0:39:f7:9d:39:8c,63825363,DHCP ACK,10.240.250.12,10.249.176.1,192.168.186.20,NA,255.255.240.0,1:20:00,0:40:00,1:10:00
2016-02-22 15:37:43,446f3c0d,NA,10.249.179.133,NA,10.249.176.1,a0:39:f7:9d:39:8c,63825363,DHCP ACK,10.240.250.12,10.249.176.1,192.168.186.20,NA,255.255.240.0,1:20:00,0:40:00,1:10:00
2016-02-22 15:40:57,b660808a,NA,10.249.179.133,NA,10.249.176.1,a0:39:f7:9d:39:8c,63825363,DHCP ACK,10.240.250.12,10.249.176.1,192.168.186.20,NA,255.255.240.0,1:20:00,0:40:00,1:10:00
2016-02-22 15:41:56,55963ea3,NA,10.249.179.133,NA,10.249.176.1,a0:39:f7:9d:39:8c,63825363,DHCP ACK,10.240.250.12,10.249.176.1,192.168.186.20,NA,255.255.240.0,1:20:00,0:40:00,1:10:00
2016-02-22 16:02:50,e9db0423,NA,10.249.179.133,NA,10.249.176.1,a0:39:f7:9d:39:8c,63825363,DHCP ACK,10.240.250.12,10.249.176.1,192.168.186.20,NA,255.255.240.0,1:20:00,0:40:00,1:10:00
2016-02-22 16:03:35,1d938550,NA,10.249.179.133,NA,10.249.176.1,a0:39:f7:9d:39:8c,63825363,DHCP ACK,10.240.250.12,10.249.176.1,192.168.186.20,NA,255.255.240.0,1:20:00,0:40:00,1:10:00
2016-02-22 16:04:16,a1d3671c,NA,10.249.179.133,NA,10.249.176.1,a0:39:f7:9d:39:8c,63825363,DHCP ACK,10.240.250.12,10.249.176.1,192.168.186.20,NA,255.255.240.0,1:20:00,0:40:00,1:10:00
2016-04-13 20:01:05,ed68bcd4,172.19.131.143,172.19.131.143,NA,172.19.134.2,a0:39:f7:9d:39:8c,63825363,DHCP ACK,172.19.131.2,172.19.131.2,172.19.134.2,NA,255.255.255.0,0:45:00,0:22:30,0:39:22
2016-04-14 11:34:47,3b273a7c,NA,172.20.0.67,NA,NA,a0:39:f7:9d:39:8c,63825363,DHCP ACK,172.20.0.1,172.20.0.1,172.20.0.1,NA,255.255.240.0,"1 day, 0:00:00",NA,NA
2016-04-14 11:37:57,78f1f010,NA,172.20.0.67,NA,NA,a0:39:f7:9d:39:8c,63825363,DHCP ACK,172.20.0.1,172.20.0.1,172.20.0.1,NA,255.255.240.0,"1 day, 0:00:00",NA,NA
2016-04-14 16:35:13,cc405f2e,NA,172.20.0.67,NA,NA,a0:39:f7:9d:39:8c,63825363,DHCP ACK,172.20.0.1,172.20.0.1,172.20.0.1,NA,255.255.240.0,"1 day, 0:00:00",NA,NA
2016-04-14 16:36:12,77b7a60c,NA,172.20.0.67,NA,NA,a0:39:f7:9d:39:8c,63825363,DHCP ACK,172.20.0.1,172.20.0.1,172.20.0.1,NA,255.255.240.0,"1 day, 0:00:00",NA,NA
2016-04-14 19:22:12,a36dad15,NA,172.20.0.67,NA,NA,a0:39:f7:9d:39:8c,63825363,DHCP ACK,172.20.0.1,172.20.0.1,172.20.0.1,NA,255.255.240.0,"1 day, 0:00:00",NA,NA
2016-04-14 19:22:46,de842c00,NA,172.20.0.67,NA,NA,a0:39:f7:9d:39:8c,63825363,DHCP ACK,172.20.0.1,172.20.0.1,172.20.0.1,NA,255.255.240.0,"1 day, 0:00:00",NA,NA
2016-04-15 07:38:18,3ca34a4d,172.20.0.67,172.20.0.67,NA,NA,a0:39:f7:9d:39:8c,63825363,DHCP ACK,172.20.0.1,172.20.0.1,172.20.0.1,NA,255.255.240.0,"1 day, 0:00:00",NA,NA
2016-04-15 11:10:02,9bd92394,NA,172.20.0.67,NA,NA,a0:39:f7:9d:39:8c,63825363,DHCP ACK,172.20.0.1,172.20.0.1,172.20.0.1,NA,255.255.240.0,"1 day, 0:00:00",NA,NA
2016-04-15 13:12:08,6dd0fa4d,NA,192.168.1.136,NA,NA,a0:39:f7:1f:e2:8d,63825363,DHCP ACK,192.168.1.1,192.168.1.1,71.10.216.1 - 71.10.216.2 - 192.168.1.1,NA,255.255.255.0,"1 day, 0:00:00",12:00:00,21:00:00
2016-04-15 13:32:49,b7aaf7df,NA,172.20.0.67,NA,NA,a0:39:f7:9d:39:8c,63825363,DHCP ACK,172.20.0.1,172.20.0.1,172.20.0.1,NA,255.255.240.0,"1 day, 0:00:00",NA,NA
2016-04-15 14:46:04,2040198a,NA,172.20.0.67,NA,NA,a0:39:f7:9d:39:8c,63825363,DHCP ACK,172.20.0.1,172.20.0.1,172.20.0.1,NA,255.255.240.0,"1 day, 0:00:00",NA,NA
2016-04-16 08:06:50,26bb2c2f,NA,172.20.0.67,NA,NA,a0:39:f7:9d:39:8c,63825363,DHCP ACK,172.20.0.1,172.20.0.1,172.20.0.1,NA,255.255.240.0,"1 day, 0:00:00",NA,NA
2016-04-16 08:40:00,b21a3492,NA,172.20.0.67,NA,NA,a0:39:f7:9d:39:8c,63825363,DHCP ACK,172.20.0.1,172.20.0.1,172.20.0.1,NA,255.255.240.0,"1 day, 0:00:00",NA,NA
2016-04-16 08:44:50,386866c4,NA,172.20.0.67,NA,NA,a0:39:f7:9d:39:8c,63825363,DHCP ACK,172.20.0.1,172.20.0.1,172.20.0.1,NA,255.255.240.0,"1 day, 0:00:00",NA,NA
2016-04-16 09:44:23,ee32805e,NA,172.20.0.67,NA,NA,a0:39:f7:9d:39:8c,63825363,DHCP ACK,172.20.0.1,172.20.0.1,172.20.0.1,NA,255.255.240.0,"1 day, 0:00:00",NA,NA
2016-04-16 09:49:42,dd20128e,NA,172.20.0.67,NA,NA,a0:39:f7:9d:39:8c,63825363,DHCP ACK,172.20.0.1,172.20.0.1,172.20.0.1,NA,255.255.240.0,"1 day, 0:00:00",NA,NA
2016-04-18 09:55:21,2f7ad841,NA,172.19.131.137,NA,172.19.134.2,a0:39:f7:9d:39:8c,63825363,DHCP ACK,172.19.131.2,172.19.131.2,172.19.134.2,NA,255.255.255.0,0:45:00,0:22:30,0:39:22
2016-08-02 10:42:10,08a94f8d,NA,10.249.116.135,NA,10.249.96.1,a0:39:f7:9d:39:8c,63825363,DHCP ACK,10.64.150.12,10.249.96.1,192.168.186.20,NA,255.255.224.0,1:20:00,0:40:00,1:10:00
2016-08-03 18:28:30,7e401ce8,10.239.21.93,10.239.21.93,NA,NA,a0:91:69:df:45:5f,63825363,DHCP ACK,10.224.0.1,10.224.0.1,75.75.75.75 - 75.75.76.76,NA,255.224.0.0,0:05:00,NA,NA
2016-08-03 18:30:24,77245676,NA,10.239.21.93,NA,NA,a0:91:69:df:45:5f,63825363,DHCP ACK,10.224.0.1,10.224.0.1,75.75.75.75 - 75.75.76.76,NA,255.224.0.0,0:05:00,NA,NA
2016-08-03 19:14:10,3ac72ac8,10.240.137.141,10.240.137.141,NA,NA,a0:91:69:df:45:5f,63825363,DHCP ACK,10.224.0.1,10.224.0.1,75.75.75.75 - 75.75.76.76,NA,255.224.0.0,0:05:00,NA,NA
2016-08-03 22:00:22,d14610b0,10.236.104.111,10.236.104.111,NA,NA,a0:91:69:df:45:5f,63825363,DHCP ACK,10.224.0.1,10.224.0.1,75.75.75.75 - 75.75.76.76,NA,255.224.0.0,0:05:00,NA,NA
2016-08-03 22:12:14,5809912c,10.242.103.146,10.242.103.146,NA,NA,a0:91:69:df:45:5f,63825363,DHCP ACK,10.224.0.1,10.224.0.1,75.75.75.75 - 75.75.76.76,NA,255.224.0.0,0:05:00,NA,NA
2016-08-04 03:26:46,e350704d,10.228.252.119,10.228.252.119,NA,NA,a0:91:69:df:45:5f,63825363,DHCP ACK,10.224.0.1,10.224.0.1,75.75.75.75 - 75.75.76.76,NA,255.224.0.0,0:05:00,NA,NA
2016-08-04 03:36:48,2778dcdd,NA,10.231.142.28,NA,NA,a0:91:69:df:45:5f,63825363,DHCP ACK,10.224.0.1,10.224.0.1,75.75.75.75 - 75.75.76.76,NA,255.224.0.0,0:05:00,NA,NA
2016-08-04 05:21:45,176e7351,NA,192.168.255.251,192.168.255.249,NA,a0:91:69:df:45:5f,63825363,DHCP ACK,192.168.255.249,192.168.255.249,8.8.8.8,NA,255.255.255.248,12:00:00,6:00:00,10:30:00
2016-08-04 21:42:49,3e041ab2,10.232.119.39,10.232.119.39,NA,NA,a0:91:69:df:45:5f,63825363,DHCP ACK,10.224.0.1,10.224.0.1,75.75.75.75 - 75.75.76.76,NA,255.224.0.0,0:05:00,NA,NA
2016-08-06 01:47:34,f529b5df,NA,10.239.62.97,NA,NA,a0:91:69:df:45:5f,63825363,DHCP ACK,10.224.0.1,10.224.0.1,75.75.75.75 - 75.75.76.76,NA,255.224.0.0,0:05:00,NA,NA
2016-08-31 13:27:38,392143e5,NA,192.168.1.124,NA,NA,a0:91:69:df:45:5f,63825363,DHCP ACK,192.168.1.254,192.168.1.254,192.168.1.254,attlocal.net,255.255.255.0,"1 day, 0:00:00",12:00:00,21:00:00
2016-09-16 22:36:42,2c099dfe,NA,10.240.62.57,NA,NA,a0:91:69:df:45:5f,63825363,DHCP ACK,10.224.0.1,10.224.0.1,75.75.75.75 - 75.75.76.76,NA,255.224.0.0,0:05:00,NA,NA
2016-09-16 22:48:49,a5a744d0,NA,10.234.20.82,NA,NA,a0:91:69:df:45:5f,63825363,DHCP ACK,10.224.0.1,10.224.0.1,75.75.75.75 - 75.75.76.76,NA,255.224.0.0,0:05:00,NA,NA
2016-10-18 01:29:44,a77cdd7a,NA,192.168.2.14,192.168.2.1,NA,64:bc:0c:96:42:9f,63825363,DHCP ACK,192.168.2.1,192.168.2.1,192.168.2.1,Belkin,255.255.255.0,"49710 days, 6:28:15",NA,NA
2016-10-18 16:28:16,b9be353a,NA,192.168.3.123,192.168.3.1,NA,64:bc:0c:96:42:9f,63825363,DHCP ACK,192.168.3.1,192.168.3.1,192.168.3.1,NA,255.255.255.0,1:00:00,0:30:00,0:52:30
2016-10-18 18:47:37,1f7c036f,10.0.0.102,10.0.0.102,10.0.0.1,NA,64:bc:0c:96:42:9f,63825363,DHCP ACK,10.0.0.1,10.0.0.1,10.0.0.1,colubris.lan,255.255.255.0,0:05:00,0:02:30,0:04:22
2016-10-18 21:02:18,4c8159d3,NA,192.168.33.102,NA,NA,64:bc:0c:96:42:9f,63825363,DHCP ACK,192.168.33.1,192.168.33.1,71.10.216.1 - 71.10.216.2 - 192.168.33.1,NA,255.255.255.0,"1 day, 0:00:00",12:00:00,21:00:00
2016-10-29 20:48:13,8be5f103,NA,192.168.223.100,192.168.223.1,NA,64:bc:0c:96:42:9f,63825363,DHCP ACK,192.168.223.1,192.168.223.1,192.168.223.1,NA,255.255.255.0,0:05:00,NA,NA
2016-10-29 21:33:22,e0813c4a,NA,172.20.1.238,NA,NA,a0:39:f7:9d:39:8c,63825363,DHCP ACK,172.20.0.1,172.20.0.1,172.20.0.1,NA,255.255.240.0,"1 day, 0:00:00",NA,NA
2016-10-30 03:40:02,6f3f9f3e,NA,172.20.1.238,NA,NA,a0:39:f7:9d:39:8c,63825363,DHCP ACK,172.20.0.1,172.20.0.1,172.20.0.1,NA,255.255.240.0,"1 day, 0:00:00",NA,NA
2016-10-30 09:06:14,1092932f,NA,172.20.1.238,NA,NA,a0:39:f7:9d:39:8c,63825363,DHCP ACK,172.20.0.1,172.20.0.1,172.20.0.1,NA,255.255.240.0,"1 day, 0:00:00",NA,NA
2016-10-30 09:07:18,d756f382,NA,172.20.1.238,NA,NA,a0:39:f7:9d:39:8c,63825363,DHCP ACK,172.20.0.1,172.20.0.1,172.20.0.1,NA,255.255.240.0,"1 day, 0:00:00",NA,NA
2016-10-30 13:15:14,c76151e6,NA,192.168.169.2,NA,NA,64:bc:0c:96:42:9f,63825363,DHCP ACK,192.168.169.1,192.168.169.1,192.168.169.1,Belkin,255.255.255.0,"49710 days, 6:28:15",NA,NA
2016-11-01 11:25:26,3ed51f71,NA,192.168.33.122,NA,NA,64:bc:0c:96:42:9f,63825363,DHCP ACK,192.168.33.1,192.168.33.1,71.10.216.1 - 71.10.216.2 - 192.168.33.1,NA,255.255.255.0,"1 day, 0:00:00",12:00:00,21:00:00
2016-11-06 16:43:54,268e4d00,NA,192.168.3.124,192.168.3.1,NA,64:bc:0c:96:42:9f,63825363,DHCP ACK,192.168.3.1,192.168.3.1,192.168.3.1,NA,255.255.255.0,1:00:00,0:30:00,0:52:30
2016-11-07 18:04:45,11696b87,NA,192.168.43.175,192.168.43.1,NA,64:bc:0c:96:42:9f,63825363,DHCP ACK,192.168.43.1,192.168.43.1,192.168.43.1,NA,255.255.255.0,2:00:00,1:00:00,1:45:00
2016-11-08 07:42:59,4f326978,NA,192.168.43.176,192.168.43.1,NA,64:bc:0c:96:42:9f,63825363,DHCP ACK,192.168.43.1,192.168.43.1,192.168.43.1,NA,255.255.255.0,2:00:00,1:00:00,1:45:00
2016-11-14 18:03:45,a0da12bf,NA,192.168.1.74,NA,NA,64:bc:0c:96:42:9f,63825363,DHCP ACK,192.168.1.254,192.168.1.254,192.168.1.254,Home,255.255.255.0,"1 day, 0:00:00",NA,NA
2016-11-14 21:41:30,9370678e,NA,192.168.254.46,192.168.254.254,NA,64:bc:0c:96:42:9f,63825363,DHCP ACK,192.168.254.254,192.168.254.254,192.168.254.254,netgear.com,255.255.255.0,"1 day, 0:00:00",12:00:00,21:00:00
2017-01-19 09:25:51,497e8d32,10.0.7.168,10.0.7.168,NA,NA,a0:39:f7:9d:39:8c,63825363,DHCP ACK,192.0.2.1,10.0.0.1,10.1.146.5,slcc-reg.edu,255.255.224.0,0:01:00,NA,NA
2017-02-19 19:05:47,6f10c60f,NA,192.168.0.46,NA,NA,a0:39:f7:9d:39:8c,63825363,DHCP ACK,192.168.0.1,192.168.0.1,192.168.0.1 - 205.171.3.25,domain.actdsltmp,255.255.255.0,"7 days, 0:00:00",NA,NA
2017-02-24 16:29:15,5110f447,NA,192.168.0.112,192.168.0.1,NA,a0:39:f7:9d:39:8c,63825363,DHCP ACK,192.168.0.1,192.168.0.1,192.168.0.1 - 205.171.2.25,PK5001Z,255.255.255.0,"1 day, 0:00:00",12:00:00,21:00:00
2017-05-21 19:18:04,11879237,NA,192.168.4.144,NA,NA,5c:af:06:28:7c:01,63825363,DHCP ACK,192.168.4.1,192.168.4.1,192.168.4.1 - 64.134.255.2 - 64.134.255.10,wmt01838.las.wayport.net,255.255.254.0,1:00:00,NA,NA
2017-05-24 12:20:22,e9bb9171,NA,10.3.1.118,NA,10.3.0.7,5c:af:06:28:7c:01,63825363,DHCP ACK,10.0.32.4,10.3.0.1,205.171.2.65 - 205.171.2.25 - 205.171.3.65,mccarranwifi.com,255.255.224.0,4:00:00,2:00:00,3:30:00
2017-05-25 14:41:32,3b1f5dbc,NA,192.168.5.14,NA,NA,5c:af:06:28:7c:01,63825363,DHCP ACK,192.168.4.1,192.168.4.1,192.168.4.1 - 64.134.255.2 - 64.134.255.10,hil-laslkhf.las.wayport.net,255.255.254.0,1:00:00,NA,NA
2017-05-31 14:22:40,25463019,NA,192.168.5.199,NA,NA,5c:af:06:28:7c:01,63825363,DHCP ACK,192.168.4.1,192.168.4.1,192.168.4.1 - 64.134.255.2 - 64.134.255.10,wmt05070.las.wayport.net,255.255.254.0,1:00:00,NA,NA
2017-06-01 16:21:33,9e0595fe,NA,10.10.20.186,NA,NA,5c:af:06:28:7c:01,63825363,DHCP ACK,10.10.20.1,10.10.20.1,68.105.28.16 - 68.105.29.16 - 8.8.8.8,NA,255.255.255.0,2:00:00,1:00:00,1:45:00
2017-06-06 18:14:26,cf8b8371,NA,10.10.20.178,NA,NA,5c:af:06:28:7c:01,63825363,DHCP ACK,10.10.20.1,10.10.20.1,68.105.28.16 - 68.105.29.16 - 8.8.8.8,NA,255.255.255.0,2:00:00,1:00:00,1:45:00
2017-06-06 19:23:12,86a238d0,NA,10.136.11.210,NA,NA,5c:af:06:28:7c:01,63825363,DHCP ACK,10.136.0.1,10.136.0.1,8.8.8.8 - 8.8.4.4,NA,255.255.0.0,1:00:00,0:30:00,0:52:30
2017-06-06 20:44:14,bccd6971,NA,192.168.7.234,161.164.158.180,NA,5c:af:06:28:7c:01,63825363,DHCP ACK,192.168.6.2,192.168.6.1,208.67.220.220,NA,255.255.254.0,1:00:00,0:30:00,0:52:30
2017-06-06 21:07:23,275493d2,NA,192.168.7.234,161.164.158.180,NA,5c:af:06:28:7c:01,63825363,DHCP ACK,192.168.6.2,192.168.6.1,208.67.220.220,NA,255.255.254.0,1:00:00,0:30:00,0:52:30
2017-06-06 21:09:21,3756b4ff,NA,192.168.7.234,161.164.158.180,NA,5c:af:06:28:7c:01,63825363,DHCP ACK,192.168.6.2,192.168.6.1,208.67.220.220,NA,255.255.254.0,1:00:00,0:30:00,0:52:30
2017-06-06 21:15:24,074e84af,NA,192.168.7.234,161.164.158.180,NA,5c:af:06:28:7c:01,63825363,DHCP ACK,192.168.6.2,192.168.6.1,208.67.220.220,NA,255.255.254.0,1:00:00,0:30:00,0:52:30
2017-06-06 21:17:12,27190a13,NA,192.168.7.234,161.164.158.180,NA,5c:af:06:28:7c:01,63825363,DHCP ACK,192.168.6.2,192.168.6.1,208.67.220.220,NA,255.255.254.0,1:00:00,0:30:00,0:52:30
2017-06-06 21:34:49,6f435acf,NA,192.168.1.173,NA,NA,5c:af:06:28:7c:01,63825363,DHCP ACK,192.168.1.1,192.168.1.1,8.8.8.8,NA,255.255.255.0,3:00:00,NA,NA
2017-06-09 09:34:29,82594d09,NA,192.168.17.128,NA,NA,5c:af:06:28:7c:01,63825363,DHCP ACK,192.168.17.1,192.168.17.1,8.8.8.8 - 8.8.4.4,NA,255.255.255.0,2:00:00,1:00:00,1:45:00
2017-06-10 09:04:27,f300a8e8,NA,192.168.5.89,NA,NA,5c:af:06:28:7c:01,63825363,DHCP ACK,192.168.4.1,192.168.4.1,192.168.4.1 - 64.134.255.2 - 64.134.255.10,wmt05070.las.wayport.net,255.255.254.0,1:00:00,NA,NA
2017-06-17 01:28:30,40b64ec1,NA,172.31.99.198,172.31.98.1,NA,5c:af:06:28:7c:01,63825363,DHCP ACK,172.31.98.1,172.31.98.1,208.89.20.162,NA,255.255.254.0,12:00:00,6:00:00,10:30:00
2017-06-17 16:16:32,f2ce0712,NA,172.16.0.222,NA,NA,5c:af:06:28:7c:01,63825363,DHCP ACK,172.16.0.1,172.16.0.1,172.16.0.1,NA,255.255.255.0,0:30:00,NA,NA
2017-06-17 17:13:31,45651b15,NA,192.168.5.188,NA,NA,5c:af:06:28:7c:01,63825363,DHCP ACK,192.168.4.1,192.168.4.1,192.168.4.1 - 64.134.255.2 - 64.134.255.10,wmt03473.las.wayport.net,255.255.254.0,1:00:00,NA,NA
2017-06-17 17:19:28,41345f89,NA,192.168.5.188,NA,NA,5c:af:06:28:7c:01,63825363,DHCP ACK,192.168.4.1,192.168.4.1,192.168.4.1 - 64.134.255.2 - 64.134.255.10,wmt03473.las.wayport.net,255.255.254.0,1:00:00,NA,NA
2017-06-17 17:25:08,c38bd958,NA,192.168.5.188,NA,NA,5c:af:06:28:7c:01,63825363,DHCP ACK,192.168.4.1,192.168.4.1,192.168.4.1 - 64.134.255.2 - 64.134.255.10,wmt03473.las.wayport.net,255.255.254.0,1:00:00,NA,NA
2017-06-17 17:26:10,95020104,NA,192.168.5.188,NA,NA,5c:af:06:28:7c:01,63825363,DHCP ACK,192.168.4.1,192.168.4.1,192.168.4.1 - 64.134.255.2 - 64.134.255.10,wmt03473.las.wayport.net,255.255.254.0,1:00:00,NA,NA
2017-06-17 17:30:45,19b08d55,NA,192.168.5.188,NA,NA,5c:af:06:28:7c:01,63825363,DHCP ACK,192.168.4.1,192.168.4.1,192.168.4.1 - 64.134.255.2 - 64.134.255.10,wmt03473.las.wayport.net,255.255.254.0,1:00:00,NA,NA
2017-06-17 17:32:58,9455d4da,NA,192.168.5.188,NA,NA,5c:af:06:28:7c:01,63825363,DHCP ACK,192.168.4.1,192.168.4.1,192.168.4.1 - 64.134.255.2 - 64.134.255.10,wmt03473.las.wayport.net,255.255.254.0,1:00:00,NA,NA
2017-06-17 17:47:43,14d3dc5d,NA,10.181.223.76,NA,NA,5c:af:06:28:7c:01,63825363,DHCP ACK,10.181.222.12,10.181.222.2,168.244.37.11 - 168.244.37.12,guest1639.lowes.com,255.255.254.0,2:00:00,1:00:00,1:45:00
2017-06-21 16:42:40,715138e9,NA,10.10.20.240,NA,NA,5c:af:06:28:7c:01,63825363,DHCP ACK,10.10.20.1,10.10.20.1,68.105.28.16 - 68.105.29.16 - 8.8.8.8,NA,255.255.255.0,2:00:00,1:00:00,1:45:00
2017-06-21 17:00:45,0d09c285,NA,10.10.20.240,NA,NA,5c:af:06:28:7c:01,63825363,DHCP ACK,10.10.20.1,10.10.20.1,68.105.28.16 - 68.105.29.16 - 8.8.8.8,NA,255.255.255.0,2:00:00,1:00:00,1:45:00
2017-06-24 18:11:08,89125842,NA,192.168.3.157,192.168.3.1,NA,5c:af:06:28:7c:01,63825363,DHCP ACK,192.168.3.1,192.168.3.1,192.168.3.1,PK5001Z,255.255.255.0,1:00:00,0:30:00,0:52:30
2017-06-30 09:03:50,70296b81,NA,172.31.99.201,172.31.98.1,NA,5c:af:06:28:7c:01,63825363,DHCP ACK,172.31.98.1,172.31.98.1,8.8.8.8 - 8.8.4.4,NA,255.255.254.0,1:00:00,0:30:00,0:52:30
2017-07-08 02:57:14,ae76b6a2,NA,192.168.4.48,NA,NA,5c:af:06:28:7c:01,63825363,DHCP ACK,192.168.4.1,192.168.4.1,192.168.4.1 - 64.134.255.2 - 64.134.255.10,wmt01584.las.wayport.net,255.255.254.0,1:00:00,NA,NA
2017-07-08 03:03:20,a04bfdda,NA,192.168.4.48,NA,NA,5c:af:06:28:7c:01,63825363,DHCP ACK,192.168.4.1,192.168.4.1,192.168.4.1 - 64.134.255.2 - 64.134.255.10,wmt01584.las.wayport.net,255.255.254.0,1:00:00,NA,NA
2017-07-08 03:07:10,e7959793,NA,192.168.4.48,NA,NA,5c:af:06:28:7c:01,63825363,DHCP ACK,192.168.4.1,192.168.4.1,192.168.4.1 - 64.134.255.2 - 64.134.255.10,wmt01584.las.wayport.net,255.255.254.0,1:00:00,NA,NA
2017-07-13 16:21:35,d6284acf,NA,192.168.5.76,NA,NA,5c:af:06:28:7c:01,63825363,DHCP ACK,192.168.5.1,192.168.5.1,192.168.5.1 - 64.134.255.2 - 64.134.255.10,mcd20901.las.wayport.net,255.255.255.0,1:00:00,NA,NA
2017-07-14 07:10:06,60bce39d,NA,192.168.5.160,NA,NA,5c:af:06:28:7c:01,63825363,DHCP ACK,192.168.4.1,192.168.4.1,192.168.4.1 - 64.134.255.2 - 64.134.255.10,wmt05070.las.wayport.net,255.255.254.0,1:00:00,NA,NA
2017-07-14 07:19:42,c518f811,NA,192.168.5.109,NA,NA,5c:af:06:28:7c:01,63825363,DHCP ACK,192.168.5.1,192.168.5.1,192.168.5.1 - 64.134.255.2 - 64.134.255.10,mcd28777.las.wayport.net,255.255.255.0,1:00:00,NA,NA
2017-07-15 22:33:53,63f09c95,NA,10.20.193.177,NA,10.20.128.3,5c:af:06:28:7c:01,63825363,DHCP ACK,10.16.112.107,10.20.128.1,8.8.8.8 - 8.8.4.4,drock2.local,255.255.128.0,1:00:00,0:30:00,0:52:30
2017-07-17 00:20:31,2888bc06,NA,10.105.9.233,NA,NA,5c:af:06:28:7c:01,63825363,DHCP ACK,1.1.1.1,10.105.8.1,8.8.8.8,NA,255.255.252.0,0:20:00,NA,NA
2017-07-17 04:45:27,fa5b035c,NA,192.168.182.73,NA,NA,5c:af:06:28:7c:01,63825363,DHCP ACK,192.168.182.1,192.168.182.1,208.67.222.222 - 208.67.220.220,lan,255.255.255.0,0:10:00,NA,NA
2017-10-17 11:49:27,fb9bdd22,NA,192.168.1.137,192.168.1.1,NA,5c:af:06:28:7c:01,63825363,DHCP ACK,192.168.1.1,192.168.1.1,192.168.1.1,NA,255.255.255.0,"1 day, 0:00:00",12:00:00,21:00:00
